eventid,snowroutesegmentid,first_serviced_at,storm_start,hours_to_first_service,roadname,snowrouteid,routepriority,segmentlength
0a4138c6-cc5c-4cba-a7b0-3c06695345ef,SNW-1969,2025-12-28 10:26:54+00:00,2025-12-26 19:01:45.962242+00:00,39.41889937722222,GENANT DR,Route 17,Priority 2,0.0984548389965144
0a4138c6-cc5c-4cba-a7b0-3c06695345ef,SNW-1968,2025-12-28 10:14:36+00:00,2025-12-26 19:01:45.962242+00:00,39.21389937722222,SPENCER ST,Route 17,Priority 1,0.0204017205395168
0a4138c6-cc5c-4cba-a7b0-3c06695345ef,SNW-1962,2025-12-28 10:13:29+00:00,2025-12-26 19:01:45.962242+00:00,39.195288266111106,SPENCER ST,Route 17,Priority 1,0.0105504928996397
0a4138c6-cc5c-4cba-a7b0-3c06695345ef,SNW-1131,2025-12-28 09:52:09+00:00,2025-12-26 19:01:45.962242+00:00,38.83973271055555,BEACON RD,Route 2,Priority 2,0.0239821091406187
0a4138c6-cc5c-4cba-a7b0-3c06695345ef,SNW-3749,2025-12-28 09:51:26+00:00,2025-12-26 19:01:45.962242+00:00,38.82778826611111,MARSHALL ST,Route 14,Priority 1,0.112270337127338
0a4138c6-cc5c-4cba-a7b0-3c06695345ef,SNW-152,2025-12-28 09:05:55+00:00,2025-12-26 19:01:45.962242+00:00,38.069177155,GAIL BORDEN DR,Route 17,Priority 2,0.060447880725143
0a4138c6-cc5c-4cba-a7b0-3c06695345ef,SNW-4282,2025-12-28 01:27:03+00:00,2025-12-26 19:01:45.962242+00:00,30.421399377222222,MONTGOMERY ST,Route 2,Priority 2,0.075231364894463
0a4138c6-cc5c-4cba-a7b0-3c06695345ef,SNW-4609,2025-12-27 23:10:18+00:00,2025-12-26 19:01:45.962242+00:00,28.142232710555557,IVY RIDGE DR,Unknown,Priority 2,0.375189669733025
0a4138c6-cc5c-4cba-a7b0-3c06695345ef,SNW-1181,2025-12-27 20:31:45+00:00,2025-12-26 19:01:45.962242+00:00,25.499732710555556,FARMERS MARKET PL,Route 2,Priority 2,0.235815861350655
0a4138c6-cc5c-4cba-a7b0-3c06695345ef,SNW-3098,2025-12-27 18:27:51+00:00,2025-12-26 19:01:45.962242+00:00,23.434732710555558,BEARD PL,Unknown,Priority 2,0.105610214466713
0a4138c6-cc5c-4cba-a7b0-3c06695345ef,SNW-4265,2025-12-27 02:12:17+00:00,2025-12-26 19:01:45.962242+00:00,7.175288266111111,FINEVIEW PL,Route 6,Priority 2,0.06541684124296
0a4138c6-cc5c-4cba-a7b0-3c06695345ef,SNW-4711,2025-12-26 23:45:06+00:00,2025-12-26 19:01:45.962242+00:00,4.722232710555555,CHURCHILL AV,Unknown,Priority 2,0.0330122917335803
0a4138c6-cc5c-4cba-a7b0-3c06695345ef,SNW-409,2025-12-26 18:47:36+00:00,2025-12-26 19:01:45.962242+00:00,-0.23610062277777777,CANAL ST,Route 2,Priority 2,0.635163589765583
0a4138c6-cc5c-4cba-a7b0-3c06695345ef,SNW-748,2025-12-26 18:40:33+00:00,2025-12-26 19:01:45.962242+00:00,-0.3536006227777778,DAKIN ST,Route 12,Priority 2,0.0591867212596063
0a4138c6-cc5c-4cba-a7b0-3c06695345ef,SNW-759,2025-12-26 18:40:28+00:00,2025-12-26 19:01:45.962242+00:00,-0.3549895116666667,DAKIN ST,Route 12,Priority 2,0.0596183321187557
0a4138c6-cc5c-4cba-a7b0-3c06695345ef,SNW-769,2025-12-26 18:40:16+00:00,2025-12-26 19:01:45.962242+00:00,-0.358322845,DAKIN ST,Route 12,Priority 2,0.0529941868543055
0a4138c6-cc5c-4cba-a7b0-3c06695345ef,SNW-778,2025-12-26 18:40:04+00:00,2025-12-26 19:01:45.962242+00:00,-0.36165617833333336,DAKIN ST,Route 12,Priority 2,0.0536300412052945
0a4138c6-cc5c-4cba-a7b0-3c06695345ef,SNW-785,2025-12-26 18:39:35+00:00,2025-12-26 19:01:45.962242+00:00,-0.3697117338888889,DAKIN ST,Route 12,Priority 2,0.106457333860376
0a4138c6-cc5c-4cba-a7b0-3c06695345ef,SNW-2284,2025-12-26 18:39:25+00:00,2025-12-26 19:01:45.962242+00:00,-0.37248951166666666,WESTMORELAND AV,Route 12,Priority 2,0.152279843700301
0a4138c6-cc5c-4cba-a7b0-3c06695345ef,SNW-688,2025-12-26 18:39:15+00:00,2025-12-26 19:01:45.962242+00:00,-0.3752672894444445,PEAT ST,Unknown,Priority 2,0.0756525199502035
0a4138c6-cc5c-4cba-a7b0-3c06695345ef,SNW-598,2025-12-26 18:37:55+00:00,2025-12-26 19:01:45.962242+00:00,-0.3974895116666667,PEAT ST,Route 2,Priority 2,0.145622275686875
0a4138c6-cc5c-4cba-a7b0-3c06695345ef,SNW-392,2025-12-26 18:37:14+00:00,2025-12-26 19:01:45.962242+00:00,-0.4088784005555556,PEAT ST,Unknown,Priority 2,0.0398662126023651
0a4138c6-cc5c-4cba-a7b0-3c06695345ef,SNW-1635,2025-12-26 18:20:38+00:00,2025-12-26 19:01:45.962242+00:00,-0.6855450672222222,NORTHCLIFFE RD,Route 28,Priority 2,0.0625246425107948
0a4138c6-cc5c-4cba-a7b0-3c06695345ef,SNW-1631,2025-12-26 18:20:27+00:00,2025-12-26 19:01:45.962242+00:00,-0.6886006227777778,NORTHCLIFFE RD,Route 28,Priority 2,0.0624571831116987
0a4138c6-cc5c-4cba-a7b0-3c06695345ef,SNW-1625,2025-12-26 18:20:09+00:00,2025-12-26 19:01:45.962242+00:00,-0.6936006227777778,NORTHCLIFFE RD,Route 28,Priority 2,0.0620731688225861
0a4138c6-cc5c-4cba-a7b0-3c06695345ef,SNW-1621,2025-12-26 18:19:53+00:00,2025-12-26 19:01:45.962242+00:00,-0.6980450672222223,NORTHCLIFFE RD,Route 28,Priority 2,0.0625015736738532
0a4138c6-cc5c-4cba-a7b0-3c06695345ef,SNW-874,2025-12-26 18:19:47+00:00,2025-12-26 19:01:45.962242+00:00,-0.6997117338888889,S MIDLER AV,Route 31,Priority 1,0.156000527484475
0a4138c6-cc5c-4cba-a7b0-3c06695345ef,SNW-1883,2025-12-26 18:19:18+00:00,2025-12-26 19:01:45.962242+00:00,-0.7077672894444444,S MIDLER AV,Route 31,Priority 1,0.156619730874289
0a4138c6-cc5c-4cba-a7b0-3c06695345ef,SNW-2013,2025-12-26 18:18:56+00:00,2025-12-26 19:01:45.962242+00:00,-0.7138784005555556,S MIDLER AV,Route 31,Priority 1,0.126247911421391
0a4138c6-cc5c-4cba-a7b0-3c06695345ef,SNW-2124,2025-12-26 18:18:45+00:00,2025-12-26 19:01:45.962242+00:00,-0.7169339561111111,S MIDLER AV,Route 31,Priority 1,0.106456680632969
0a4138c6-cc5c-4cba-a7b0-3c06695345ef,SNW-83,2025-12-26 18:18:27+00:00,2025-12-26 19:01:45.962242+00:00,-0.7219339561111111,S MIDLER AV,Route 31,Priority 1,0.0603875720252602
0a4138c6-cc5c-4cba-a7b0-3c06695345ef,SNW-173,2025-12-26 18:18:15+00:00,2025-12-26 19:01:45.962242+00:00,-0.7252672894444444,S MIDLER AV,Route 31,Priority 1,0.0726474087601048
0a4138c6-cc5c-4cba-a7b0-3c06695345ef,SNW-2133,2025-12-24 17:08:07+00:00,2025-12-26 19:01:45.962242+00:00,-49.89415617833333,W KIRKPATRICK ST,Unknown,Priority 2,0.108449376937364
0a4138c6-cc5c-4cba-a7b0-3c06695345ef,SNW-118,2025-12-24 17:07:57+00:00,2025-12-26 19:01:45.962242+00:00,-49.89693395611111,W KIRKPATRICK ST,Unknown,Priority 2,0.174186224316803
0a4138c6-cc5c-4cba-a7b0-3c06695345ef,SNW-139,2025-12-24 17:07:29+00:00,2025-12-26 19:01:45.962242+00:00,-49.90471173388889,W KIRKPATRICK ST,Unknown,Priority 2,0.0657571052935557
0a4138c6-cc5c-4cba-a7b0-3c06695345ef,SNW-654,2025-12-24 17:05:04+00:00,2025-12-26 19:01:45.962242+00:00,-49.94498951166667,BROWN ST,Route 2,Priority 2,0.064860345969457
0a4138c6-cc5c-4cba-a7b0-3c06695345ef,SNW-372,2025-12-24 17:03:19+00:00,2025-12-26 19:01:45.962242+00:00,-49.97415617833334,RIEGEL ST,Unknown,Priority 2,0.203529023218578
0a4138c6-cc5c-4cba-a7b0-3c06695345ef,SNW-67,2025-12-24 17:02:25+00:00,2025-12-26 19:01:45.962242+00:00,-49.98915617833334,BURNET AV,Route 1,Priority 1,0.0637060122401109
0a4138c6-cc5c-4cba-a7b0-3c06695345ef,SNW-269,2025-12-24 17:01:19+00:00,2025-12-26 19:01:45.962242+00:00,-50.00748951166667,S MIDLER AV,Route 31,Priority 1,0.0696596575056393
0a4138c6-cc5c-4cba-a7b0-3c06695345ef,SNW-4911,2025-12-24 16:43:17+00:00,2025-12-26 19:01:45.962242+00:00,-50.308045067222224,ERIE BLVD E,Route 1,Priority 1,0.0567354946580638
0a4138c6-cc5c-4cba-a7b0-3c06695345ef,SNW-833,2025-12-24 16:42:22+00:00,2025-12-26 19:01:45.962242+00:00,-50.323322845,ERIE BLVD E,Unknown,Priority 1,0.157684962099552
0a4138c6-cc5c-4cba-a7b0-3c06695345ef,SNW-862,2025-12-24 16:42:16+00:00,2025-12-26 19:01:45.962242+00:00,-50.32498951166667,ERIE BLVD E,Unknown,Priority 1,0.0544927899199603
0a4138c6-cc5c-4cba-a7b0-3c06695345ef,SNW-2185,2025-12-24 16:42:06+00:00,2025-12-26 19:01:45.962242+00:00,-50.327767289444445,ERIE BLVD E,Unknown,Priority 1,0.0824614161608407
0a4138c6-cc5c-4cba-a7b0-3c06695345ef,SNW-2184,2025-12-24 16:41:54+00:00,2025-12-26 19:01:45.962242+00:00,-50.33110062277778,ERIE BLVD E,Unknown,Priority 1,0.162934184411528
0a4138c6-cc5c-4cba-a7b0-3c06695345ef,SNW-830,2025-12-24 16:41:27+00:00,2025-12-26 19:01:45.962242+00:00,-50.33860062277778,ERIE BLVD E,Unknown,Priority 1,0.0611422617553654
0a4138c6-cc5c-4cba-a7b0-3c06695345ef,SNW-794,2025-12-24 16:41:16+00:00,2025-12-26 19:01:45.962242+00:00,-50.34165617833334,ERIE BLVD E,Unknown,Priority 1,0.106847494518685
0a4138c6-cc5c-4cba-a7b0-3c06695345ef,SNW-773,2025-12-24 16:41:06+00:00,2025-12-26 19:01:45.962242+00:00,-50.34443395611111,ERIE BLVD E,Unknown,Priority 1,0.0457897067961682
0a4138c6-cc5c-4cba-a7b0-3c06695345ef,SNW-772,2025-12-24 16:40:26+00:00,2025-12-26 19:01:45.962242+00:00,-50.355545067222224,ERIE BLVD E,Unknown,Priority 1,0.0704786490526833
0a4138c6-cc5c-4cba-a7b0-3c06695345ef,SNW-768,2025-12-24 16:40:15+00:00,2025-12-26 19:01:45.962242+00:00,-50.35860062277778,ERIE BLVD E,Unknown,Priority 1,0.112756401466555
0a4138c6-cc5c-4cba-a7b0-3c06695345ef,SNW-766,2025-12-24 16:39:46+00:00,2025-12-26 19:01:45.962242+00:00,-50.366656178333336,ERIE BLVD E,Unknown,Priority 1,0.112362779683552
0a4138c6-cc5c-4cba-a7b0-3c06695345ef,SNW-762,2025-12-24 16:39:30+00:00,2025-12-26 19:01:45.962242+00:00,-50.37110062277778,ERIE BLVD E,Unknown,Priority 1,0.174632461471124
0a4138c6-cc5c-4cba-a7b0-3c06695345ef,SNW-758,2025-12-24 16:39:19+00:00,2025-12-26 19:01:45.962242+00:00,-50.37415617833334,ERIE BLVD E,Unknown,Priority 1,0.111660804556455
0a4138c6-cc5c-4cba-a7b0-3c06695345ef,SNW-755,2025-12-24 16:39:03+00:00,2025-12-26 19:01:45.962242+00:00,-50.37860062277778,ERIE BLVD E,Unknown,Priority 1,0.0883841902867025
0a4138c6-cc5c-4cba-a7b0-3c06695345ef,SNW-752,2025-12-24 16:38:46+00:00,2025-12-26 19:01:45.962242+00:00,-50.383322845,ERIE BLVD E,Unknown,Priority 1,0.0862899688947388
0a4138c6-cc5c-4cba-a7b0-3c06695345ef,SNW-749,2025-12-24 16:38:32+00:00,2025-12-26 19:01:45.962242+00:00,-50.38721173388889,ERIE BLVD E,Route 8,Priority 1,0.0913493759414737
0a4138c6-cc5c-4cba-a7b0-3c06695345ef,SNW-583,2025-12-24 16:38:15+00:00,2025-12-26 19:01:45.962242+00:00,-50.39193395611111,N STATE ST,Route 8,Priority 1,0.121059556039527
0a4138c6-cc5c-4cba-a7b0-3c06695345ef,SNW-602,2025-12-24 16:37:48+00:00,2025-12-26 19:01:45.962242+00:00,-50.39943395611111,JAMES ST,Route 8,Priority 1,0.0918380339272862
0a4138c6-cc5c-4cba-a7b0-3c06695345ef,SNW-699,2025-12-24 16:37:05+00:00,2025-12-26 19:01:45.962242+00:00,-50.411378400555556,JAMES ST,Route 8,Priority 1,0.0502978276646946
0a4138c6-cc5c-4cba-a7b0-3c06695345ef,SNW-705,2025-12-24 16:36:59+00:00,2025-12-26 19:01:45.962242+00:00,-50.41304506722223,JAMES ST,Route 9,Priority 1,0.0725013195544405
0a4138c6-cc5c-4cba-a7b0-3c06695345ef,SNW-704,2025-12-24 16:36:42+00:00,2025-12-26 19:01:45.962242+00:00,-50.41776728944445,W GENESEE ST,Route 9,Priority 1,0.0681264469517265
0a4138c6-cc5c-4cba-a7b0-3c06695345ef,SNW-702,2025-12-24 16:36:37+00:00,2025-12-26 19:01:45.962242+00:00,-50.41915617833334,W GENESEE ST,Route 9,Priority 1,0.0901758827677005
0a4138c6-cc5c-4cba-a7b0-3c06695345ef,SNW-640,2025-12-24 16:35:39+00:00,2025-12-26 19:01:45.962242+00:00,-50.43526728944445,W GENESEE ST,Route 9,Priority 1,0.090105433868449
0a4138c6-cc5c-4cba-a7b0-3c06695345ef,SNW-519,2025-12-24 16:35:16+00:00,2025-12-26 19:01:45.962242+00:00,-50.44165617833334,W GENESEE ST,Route 01,Priority 1,0.118614776558623
0a4138c6-cc5c-4cba-a7b0-3c06695345ef,SNW-514,2025-12-24 16:34:19+00:00,2025-12-26 19:01:45.962242+00:00,-50.45748951166667,W GENESEE ST,Route 01,Priority 1,0.0684220909956235
0a4138c6-cc5c-4cba-a7b0-3c06695345ef,SNW-37,2025-12-24 16:33:57+00:00,2025-12-26 19:01:45.962242+00:00,-50.46360062277778,W GENESEE ST,Route 01,Priority 1,0.153164108769293
0a4138c6-cc5c-4cba-a7b0-3c06695345ef,SNW-470,2025-12-24 16:33:45+00:00,2025-12-26 19:01:45.962242+00:00,-50.46693395611111,W GENESEE ST,Route 01,Priority 1,0.151817033527243
0a4138c6-cc5c-4cba-a7b0-3c06695345ef,SNW-465,2025-12-24 16:33:29+00:00,2025-12-26 19:01:45.962242+00:00,-50.47137840055556,VAN RENSSELAER ST,Unknown,Priority 2,0.090540532140361
0a4138c6-cc5c-4cba-a7b0-3c06695345ef,SNW-273,2025-12-24 16:31:58+00:00,2025-12-26 19:01:45.962242+00:00,-50.49665617833334,VAN RENSSELAER ST,Unknown,Priority 2,0.0698111006502641
0a4138c6-cc5c-4cba-a7b0-3c06695345ef,SNW-182,2025-12-24 16:08:24+00:00,2025-12-26 19:01:45.962242+00:00,-50.88943395611111,SPENCER ST,Route 1,Priority 1,0.143817117756152
0a4138c6-cc5c-4cba-a7b0-3c06695345ef,SNW-124,2025-12-24 14:16:27+00:00,2025-12-26 19:01:45.962242+00:00,-52.75526728944445,MALTBIE ST,Route 17,Priority 2,0.159812859412552
0a4138c6-cc5c-4cba-a7b0-3c06695345ef,SNW-296,2025-12-24 14:15:53+00:00,2025-12-26 19:01:45.962242+00:00,-52.764711733888895,EVANS ST,Route 17,Priority 2,0.133328192621627
0a4138c6-cc5c-4cba-a7b0-3c06695345ef,SNW-348,2025-12-24 14:15:15+00:00,2025-12-26 19:01:45.962242+00:00,-52.77526728944445,EVANS ST,Route 2,Priority 2,0.17434710886857
0a4138c6-cc5c-4cba-a7b0-3c06695345ef,SNW-351,2025-12-24 14:14:48+00:00,2025-12-26 19:01:45.962242+00:00,-52.78276728944445,EVANS ST,Route 2,Priority 2,0.0852949833134839
0a4138c6-cc5c-4cba-a7b0-3c06695345ef,SNW-323,2025-12-24 14:14:15+00:00,2025-12-26 19:01:45.962242+00:00,-52.791933956111116,BUTTERNUT ST,Route 17,Priority 2,0.141852990661361
0a4138c6-cc5c-4cba-a7b0-3c06695345ef,SNW-185,2025-12-24 14:13:59+00:00,2025-12-26 19:01:45.962242+00:00,-52.79637840055556,BUTTERNUT ST,Route 17,Priority 2,0.0585742465454929
0a4138c6-cc5c-4cba-a7b0-3c06695345ef,SNW-231,2025-12-24 14:13:37+00:00,2025-12-26 19:01:45.962242+00:00,-52.80248951166667,N SALINA ST,Route 1,Priority 1,0.0666258182579184
0a4138c6-cc5c-4cba-a7b0-3c06695345ef,SNW-218,2025-12-24 14:13:08+00:00,2025-12-26 19:01:45.962242+00:00,-52.81054506722222,N STATE ST,Route 8,Priority 1,0.0576504064898652
0a4138c6-cc5c-4cba-a7b0-3c06695345ef,SNW-325,2025-12-24 14:12:38+00:00,2025-12-26 19:01:45.962242+00:00,-52.818878400555555,N STATE ST,Route 8,Priority 1,0.0963163735300846
0a4138c6-cc5c-4cba-a7b0-3c06695345ef,SNW-406,2025-12-24 14:12:27+00:00,2025-12-26 19:01:45.962242+00:00,-52.82193395611112,N STATE ST,Route 8,Priority 1,0.0760080944112903
0a4138c6-cc5c-4cba-a7b0-3c06695345ef,SNW-421,2025-12-24 14:12:17+00:00,2025-12-26 19:01:45.962242+00:00,-52.82471173388889,N STATE ST,Route 8,Priority 1,0.0739552860863739
0a4138c6-cc5c-4cba-a7b0-3c06695345ef,SNW-572,2025-12-24 14:12:06+00:00,2025-12-26 19:01:45.962242+00:00,-52.827767289444445,N STATE ST,Route 8,Priority 1,0.0662722923941684
0a4138c6-cc5c-4cba-a7b0-3c06695345ef,SNW-584,2025-12-24 14:11:56+00:00,2025-12-26 19:01:45.962242+00:00,-52.830545067222225,BURNET AV,Route 1,Priority 1,0.0744851969251669
0a4138c6-cc5c-4cba-a7b0-3c06695345ef,SNW-585,2025-12-24 14:11:28+00:00,2025-12-26 19:01:45.962242+00:00,-52.838322845,BURNET AV,Route 1,Priority 1,0.063813740133595
0a4138c6-cc5c-4cba-a7b0-3c06695345ef,SNW-589,2025-12-24 14:11:17+00:00,2025-12-26 19:01:45.962242+00:00,-52.841378400555556,BURNET AV,Route 1,Priority 1,0.0881817488715657
0a4138c6-cc5c-4cba-a7b0-3c06695345ef,SNW-593,2025-12-24 14:11:00+00:00,2025-12-26 19:01:45.962242+00:00,-52.84610062277778,BURNET AV,Route 1,Priority 1,0.0876867124726751
0a4138c6-cc5c-4cba-a7b0-3c06695345ef,SNW-651,2025-12-24 14:10:38+00:00,2025-12-26 19:01:45.962242+00:00,-52.85221173388889,CATHERINE ST,Unknown,Priority 1,0.100889298738367
0a4138c6-cc5c-4cba-a7b0-3c06695345ef,SNW-597,2025-12-24 14:09:48+00:00,2025-12-26 19:01:45.962242+00:00,-52.86610062277778,BURNET AV,Route 1,Priority 1,0.149829112037426
0a4138c6-cc5c-4cba-a7b0-3c06695345ef,SNW-600,2025-12-24 14:09:16+00:00,2025-12-26 19:01:45.962242+00:00,-52.87498951166667,BURNET AV,Route 1,Priority 1,0.137422618195722
0a4138c6-cc5c-4cba-a7b0-3c06695345ef,SNW-606,2025-12-24 14:08:59+00:00,2025-12-26 19:01:45.962242+00:00,-52.87971173388889,BURNET AV,Route 1,Priority 1,0.197379595309892
0a4138c6-cc5c-4cba-a7b0-3c06695345ef,SNW-611,2025-12-24 14:08:26+00:00,2025-12-26 19:01:45.962242+00:00,-52.888878400555555,BURNET AV,Route 1,Priority 1,0.122891356725405
0a4138c6-cc5c-4cba-a7b0-3c06695345ef,SNW-609,2025-12-24 14:08:09+00:00,2025-12-26 19:01:45.962242+00:00,-52.89360062277778,BURNET AV,Route 1,Priority 1,0.0801652607775042
0a4138c6-cc5c-4cba-a7b0-3c06695345ef,SNW-564,2025-12-24 14:07:57+00:00,2025-12-26 19:01:45.962242+00:00,-52.89693395611111,BURNET AV,Route 1,Priority 1,0.0578476124804687
0a4138c6-cc5c-4cba-a7b0-3c06695345ef,SNW-536,2025-12-24 14:07:47+00:00,2025-12-26 19:01:45.962242+00:00,-52.89971173388889,BURNET AV,Route 1,Priority 1,0.0657686719360214
0a4138c6-cc5c-4cba-a7b0-3c06695345ef,SNW-39,2025-12-24 14:07:36+00:00,2025-12-26 19:01:45.962242+00:00,-52.90276728944445,BURNET AV,Route 1,Priority 1,0.0544065300696987
0a4138c6-cc5c-4cba-a7b0-3c06695345ef,SNW-452,2025-12-24 14:07:25+00:00,2025-12-26 19:01:45.962242+00:00,-52.905822845,BURNET AV,Route 1,Priority 1,0.0668947505334205
0a4138c6-cc5c-4cba-a7b0-3c06695345ef,SNW-422,2025-12-24 14:07:15+00:00,2025-12-26 19:01:45.962242+00:00,-52.90860062277778,BURNET AV,Route 1,Priority 1,0.0739750197969159
0a4138c6-cc5c-4cba-a7b0-3c06695345ef,SNW-385,2025-12-24 14:07:09+00:00,2025-12-26 19:01:45.962242+00:00,-52.91026728944445,BURNET AV,Route 1,Priority 1,0.138710070675934
0a4138c6-cc5c-4cba-a7b0-3c06695345ef,SNW-326,2025-12-24 14:06:48+00:00,2025-12-26 19:01:45.962242+00:00,-52.91610062277778,BURNET AV,Route 1,Priority 1,0.137490949437847
0a4138c6-cc5c-4cba-a7b0-3c06695345ef,SNW-302,2025-12-24 14:06:18+00:00,2025-12-26 19:01:45.962242+00:00,-52.924433956111116,PEAT ST,Unknown,Priority 2,0.0849644585089615
0a4138c6-cc5c-4cba-a7b0-3c06695345ef,SNW-2240,2025-12-24 05:00:45+00:00,2025-12-26 19:01:45.962242+00:00,-62.01693395611111,COLUMBUS AV,Route 14,Priority 1,0.0685363593935614
0a4138c6-cc5c-4cba-a7b0-3c06695345ef,SNW-2278,2025-12-24 04:59:58+00:00,2025-12-26 19:01:45.962242+00:00,-62.02998951166667,E FAYETTE ST,Route 3,Priority 1,0.105827623907859
0a4138c6-cc5c-4cba-a7b0-3c06695345ef,SNW-2277,2025-12-24 04:59:36+00:00,2025-12-26 19:01:45.962242+00:00,-62.03610062277778,E FAYETTE ST,Route 3,Priority 1,0.106270162138336
0a4138c6-cc5c-4cba-a7b0-3c06695345ef,SNW-2276,2025-12-24 04:59:25+00:00,2025-12-26 19:01:45.962242+00:00,-62.039156178333336,E FAYETTE ST,Route 3,Priority 1,0.107019296840388
0a4138c6-cc5c-4cba-a7b0-3c06695345ef,SNW-2272,2025-12-24 04:59:08+00:00,2025-12-26 19:01:45.962242+00:00,-62.043878400555556,E FAYETTE ST,Route 1,Priority 1,0.106289241164659
0a4138c6-cc5c-4cba-a7b0-3c06695345ef,SNW-2268,2025-12-24 04:58:25+00:00,2025-12-26 19:01:45.962242+00:00,-62.055822845,E FAYETTE ST,Route 1,Priority 1,0.11595096483056
0a4138c6-cc5c-4cba-a7b0-3c06695345ef,SNW-2266,2025-12-24 04:57:59+00:00,2025-12-26 19:01:45.962242+00:00,-62.06304506722223,E FAYETTE ST,Route 1,Priority 1,0.112738643081082
0a4138c6-cc5c-4cba-a7b0-3c06695345ef,SNW-2256,2025-12-24 04:57:48+00:00,2025-12-26 19:01:45.962242+00:00,-62.06610062277778,E FAYETTE ST,Route 1,Priority 1,0.112950948127167
0a4138c6-cc5c-4cba-a7b0-3c06695345ef,SNW-2254,2025-12-24 04:57:07+00:00,2025-12-26 19:01:45.962242+00:00,-62.07748951166667,E FAYETTE ST,Route 1,Priority 1,0.0611750614088006
0a4138c6-cc5c-4cba-a7b0-3c06695345ef,SNW-2252,2025-12-24 04:56:45+00:00,2025-12-26 19:01:45.962242+00:00,-62.08360062277778,E FAYETTE ST,Route 1,Priority 1,0.112236735396232
0a4138c6-cc5c-4cba-a7b0-3c06695345ef,SNW-2250,2025-12-24 04:56:27+00:00,2025-12-26 19:01:45.962242+00:00,-62.08860062277778,E FAYETTE ST,Route 1,Priority 1,0.112170032811128
0a4138c6-cc5c-4cba-a7b0-3c06695345ef,SNW-2358,2025-12-24 04:33:46+00:00,2025-12-26 19:01:45.962242+00:00,-62.46665617833334,ALMOND ST,Route 1,Priority 1,0.0795984948731915
0a4138c6-cc5c-4cba-a7b0-3c06695345ef,SNW-2242,2025-12-24 04:33:28+00:00,2025-12-26 19:01:45.962242+00:00,-62.47165617833333,E FAYETTE ST,Route 1,Priority 1,0.0873740161645547
0a4138c6-cc5c-4cba-a7b0-3c06695345ef,SNW-2238,2025-12-24 04:33:11+00:00,2025-12-26 19:01:45.962242+00:00,-62.47637840055556,E FAYETTE ST,Route 8,Priority 1,0.0912176706022885
0a4138c6-cc5c-4cba-a7b0-3c06695345ef,SNW-2235,2025-12-24 04:32:59+00:00,2025-12-26 19:01:45.962242+00:00,-62.47971173388889,S STATE ST,Route 8,Priority 1,0.0601625298170649
0a4138c6-cc5c-4cba-a7b0-3c06695345ef,SNW-2161,2025-12-24 04:32:47+00:00,2025-12-26 19:01:45.962242+00:00,-62.48304506722222,S STATE ST,Route 8,Priority 1,0.0644632793055493
0a4138c6-cc5c-4cba-a7b0-3c06695345ef,SNW-800,2025-12-24 04:32:36+00:00,2025-12-26 19:01:45.962242+00:00,-62.48610062277778,S STATE ST,Route 8,Priority 1,0.0278207362862883
0a4138c6-cc5c-4cba-a7b0-3c06695345ef,SNW-147,2025-12-24 04:29:59+00:00,2025-12-26 19:01:45.962242+00:00,-62.52971173388889,N SALINA ST,Route 1,Priority 1,0.0469027999989799
0a4138c6-cc5c-4cba-a7b0-3c06695345ef,SNW-109,2025-12-24 04:29:47+00:00,2025-12-26 19:01:45.962242+00:00,-62.533045067222226,BUTTERNUT ST,Route 7,Priority 1,0.0506238852698912
0a4138c6-cc5c-4cba-a7b0-3c06695345ef,SNW-2134,2025-12-24 04:28:42+00:00,2025-12-26 19:01:45.962242+00:00,-62.55110062277778,BUTTERNUT ST,Route 7,Priority 1,0.0720808966504845
0a4138c6-cc5c-4cba-a7b0-3c06695345ef,SNW-2092,2025-12-24 04:28:26+00:00,2025-12-26 19:01:45.962242+00:00,-62.555545067222226,BUTTERNUT ST,Route 7,Priority 1,0.102157886763661
0a4138c6-cc5c-4cba-a7b0-3c06695345ef,SNW-2029,2025-12-24 04:28:15+00:00,2025-12-26 19:01:45.962242+00:00,-62.55860062277778,BUTTERNUT ST,Route 7,Priority 1,0.0699160371676639
0a4138c6-cc5c-4cba-a7b0-3c06695345ef,SNW-2001,2025-12-24 04:28:05+00:00,2025-12-26 19:01:45.962242+00:00,-62.561378400555554,BUTTERNUT ST,Route 7,Priority 1,0.0993721459599215
0a4138c6-cc5c-4cba-a7b0-3c06695345ef,SNW-1907,2025-12-24 04:27:42+00:00,2025-12-26 19:01:45.962242+00:00,-62.56776728944445,BUTTERNUT ST,Route 7,Priority 1,0.091161669216536
0a4138c6-cc5c-4cba-a7b0-3c06695345ef,SNW-1832,2025-12-24 04:27:37+00:00,2025-12-26 19:01:45.962242+00:00,-62.56915617833334,BUTTERNUT ST,Route 7,Priority 1,0.0869023081605778
0a4138c6-cc5c-4cba-a7b0-3c06695345ef,SNW-1704,2025-12-24 04:27:14+00:00,2025-12-26 19:01:45.962242+00:00,-62.57554506722222,BUTTERNUT ST,Route 7,Priority 1,0.0926689848098653
0a4138c6-cc5c-4cba-a7b0-3c06695345ef,SNW-1629,2025-12-24 04:26:57+00:00,2025-12-26 19:01:45.962242+00:00,-62.58026728944445,BUTTERNUT ST,Route 7,Priority 1,0.0494131701066241
0a4138c6-cc5c-4cba-a7b0-3c06695345ef,SNW-1568,2025-12-24 04:26:46+00:00,2025-12-26 19:01:45.962242+00:00,-62.583322845000005,BUTTERNUT ST,Route 7,Priority 1,0.0745791575861161
0a4138c6-cc5c-4cba-a7b0-3c06695345ef,SNW-1479,2025-12-24 04:26:35+00:00,2025-12-26 19:01:45.962242+00:00,-62.58637840055556,BUTTERNUT ST,Route 7,Priority 1,0.0980628456081545
0a4138c6-cc5c-4cba-a7b0-3c06695345ef,SNW-1377,2025-12-24 04:26:29+00:00,2025-12-26 19:01:45.962242+00:00,-62.588045067222225,BUTTERNUT ST,Route 1,Priority 1,0.047124587327617
0a4138c6-cc5c-4cba-a7b0-3c06695345ef,SNW-481,2025-12-24 04:26:18+00:00,2025-12-26 19:01:45.962242+00:00,-62.59110062277778,BUTTERNUT ST,Route 7,Priority 1,0.126364529048827
0a4138c6-cc5c-4cba-a7b0-3c06695345ef,SNW-1218,2025-12-24 04:26:08+00:00,2025-12-26 19:01:45.962242+00:00,-62.59387840055556,BUTTERNUT ST,Route 7,Priority 1,0.0295636997916216
0a4138c6-cc5c-4cba-a7b0-3c06695345ef,SNW-1196,2025-12-24 04:25:57+00:00,2025-12-26 19:01:45.962242+00:00,-62.596933956111116,GRANT BLVD,Route 25,Priority 1,0.0438031726637519
0a4138c6-cc5c-4cba-a7b0-3c06695345ef,SNW-1171,2025-12-24 04:25:45+00:00,2025-12-26 19:01:45.962242+00:00,-62.600267289444446,GRANT BLVD,Route 25,Priority 1,0.0857166837517603
0a4138c6-cc5c-4cba-a7b0-3c06695345ef,SNW-1157,2025-12-24 04:25:34+00:00,2025-12-26 19:01:45.962242+00:00,-62.603322845,GRANT BLVD,Route 25,Priority 1,0.138352760573468
0a4138c6-cc5c-4cba-a7b0-3c06695345ef,SNW-1337,2025-12-24 04:11:27+00:00,2025-12-26 19:01:45.962242+00:00,-62.83860062277778,CULBERT ST,Route 18,Priority 2,0.273308819892367
0a4138c6-cc5c-4cba-a7b0-3c06695345ef,SNW-1176,2025-12-24 04:10:36+00:00,2025-12-26 19:01:45.962242+00:00,-62.852767289444444,GRANT BLVD,Route 25,Priority 1,0.0525276910475765
0a4138c6-cc5c-4cba-a7b0-3c06695345ef,SNW-1216,2025-12-24 04:10:25+00:00,2025-12-26 19:01:45.962242+00:00,-62.855822845000006,BUTTERNUT CIRCLE,Route 1,Priority 1,0.0453715091019006
0a4138c6-cc5c-4cba-a7b0-3c06695345ef,SNW-1215,2025-12-24 04:10:19+00:00,2025-12-26 19:01:45.962242+00:00,-62.85748951166667,GRANT BLVD,Route 25,Priority 1,0.0331786138816632
0a4138c6-cc5c-4cba-a7b0-3c06695345ef,SNW-1208,2025-12-24 04:10:08+00:00,2025-12-26 19:01:45.962242+00:00,-62.860545067222226,GRANT BLVD,Route 25,Priority 1,0.0572804752959546
0a4138c6-cc5c-4cba-a7b0-3c06695345ef,SNW-1199,2025-12-24 04:09:51+00:00,2025-12-26 19:01:45.962242+00:00,-62.865267289444446,GRANT BLVD,Route 25,Priority 1,0.0702213150742907
0a4138c6-cc5c-4cba-a7b0-3c06695345ef,SNW-1197,2025-12-24 04:09:22+00:00,2025-12-26 19:01:45.962242+00:00,-62.873322845000004,GRANT BLVD,Route 25,Priority 1,0.0560910976808894
0a4138c6-cc5c-4cba-a7b0-3c06695345ef,SNW-1189,2025-12-24 04:09:05+00:00,2025-12-26 19:01:45.962242+00:00,-62.878045067222224,GRANT BLVD,Route 25,Priority 1,0.0442044164818404
0a4138c6-cc5c-4cba-a7b0-3c06695345ef,SNW-1186,2025-12-24 04:08:54+00:00,2025-12-26 19:01:45.962242+00:00,-62.88110062277778,GRANT BLVD,Route 02,Priority 1,0.119324440955349
0a4138c6-cc5c-4cba-a7b0-3c06695345ef,SNW-1175,2025-12-24 04:08:37+00:00,2025-12-26 19:01:45.962242+00:00,-62.885822845,GRANT BLVD,Route 02,Priority 1,0.0622354307577145
0a4138c6-cc5c-4cba-a7b0-3c06695345ef,SNW-1173,2025-12-24 04:08:25+00:00,2025-12-26 19:01:45.962242+00:00,-62.88915617833334,GRANT BLVD,Route 02,Priority 1,0.0631707445991429
0a4138c6-cc5c-4cba-a7b0-3c06695345ef,SNW-1172,2025-12-24 04:08:19+00:00,2025-12-26 19:01:45.962242+00:00,-62.890822845,GRANT BLVD,Route 02,Priority 1,0.0561419672577328
0a4138c6-cc5c-4cba-a7b0-3c06695345ef,SNW-1170,2025-12-24 04:08:08+00:00,2025-12-26 19:01:45.962242+00:00,-62.89387840055556,GRANT BLVD,Route 02,Priority 1,0.0804487334069209
0a4138c6-cc5c-4cba-a7b0-3c06695345ef,SNW-1205,2025-12-24 04:07:56+00:00,2025-12-26 19:01:45.962242+00:00,-62.89721173388889,GRANT BLVD,Route 02,Priority 1,0.102914293912225
0a4138c6-cc5c-4cba-a7b0-3c06695345ef,SNW-1241,2025-12-24 04:06:58+00:00,2025-12-26 19:01:45.962242+00:00,-62.913322845,GRANT BLVD,Route 02,Priority 1,0.0886861587008942
0a4138c6-cc5c-4cba-a7b0-3c06695345ef,SNW-1298,2025-12-24 04:06:36+00:00,2025-12-26 19:01:45.962242+00:00,-62.919433956111114,GRANT BLVD,Route 02,Priority 1,0.0353402968384662
0a4138c6-cc5c-4cba-a7b0-3c06695345ef,SNW-1344,2025-12-24 04:06:25+00:00,2025-12-26 19:01:45.962242+00:00,-62.92248951166667,GRANT BLVD,Route 02,Priority 1,0.0577377925592204
0a4138c6-cc5c-4cba-a7b0-3c06695345ef,SNW-1437,2025-12-24 04:06:14+00:00,2025-12-26 19:01:45.962242+00:00,-62.925545067222224,GRANT BLVD,Route 02,Priority 1,0.168475923488886
0a4138c6-cc5c-4cba-a7b0-3c06695345ef,SNW-1465,2025-12-24 04:05:58+00:00,2025-12-26 19:01:45.962242+00:00,-62.92998951166667,GRANT BLVD,Route 02,Priority 1,0.052342132258085
0a4138c6-cc5c-4cba-a7b0-3c06695345ef,SNW-1456,2025-12-24 04:05:48+00:00,2025-12-26 19:01:45.962242+00:00,-62.93276728944445,JAMES ST,Route 02,Priority 1,0.174577493124696
0a4138c6-cc5c-4cba-a7b0-3c06695345ef,SNW-1445,2025-12-24 04:05:26+00:00,2025-12-26 19:01:45.962242+00:00,-62.93887840055556,JAMES ST,Route 02,Priority 1,0.146182707072783
0a4138c6-cc5c-4cba-a7b0-3c06695345ef,SNW-1443,2025-12-24 04:05:09+00:00,2025-12-26 19:01:45.962242+00:00,-62.94360062277778,JAMES ST,Route 02,Priority 1,0.048633681273087
0a4138c6-cc5c-4cba-a7b0-3c06695345ef,SNW-1435,2025-12-24 04:04:57+00:00,2025-12-26 19:01:45.962242+00:00,-62.94693395611112,JAMES ST,Route 02,Priority 1,0.0566116219863896
0a4138c6-cc5c-4cba-a7b0-3c06695345ef,SNW-1616,2025-12-24 04:04:46+00:00,2025-12-26 19:01:45.962242+00:00,-62.94998951166667,S MIDLER AV,Route 31,Priority 1,0.174854666903095
0a4138c6-cc5c-4cba-a7b0-3c06695345ef,SNW-303,2025-12-24 03:37:24+00:00,2025-12-26 19:01:45.962242+00:00,-63.40610062277778,S MIDLER AV,Route 31,Priority 1,0.122776360608773
0a4138c6-cc5c-4cba-a7b0-3c06695345ef,SNW-474,2025-12-24 03:37:13+00:00,2025-12-26 19:01:45.962242+00:00,-63.40915617833333,ERIE BLVD E,Route 1,Priority 1,0.134550486268995
0a4138c6-cc5c-4cba-a7b0-3c06695345ef,SNW-525,2025-12-24 03:35:59+00:00,2025-12-26 19:01:45.962242+00:00,-63.429711733888894,ERIE BLVD E,Route 1,Priority 1,0.103634338727296
0a4138c6-cc5c-4cba-a7b0-3c06695345ef,SNW-627,2025-12-24 03:35:47+00:00,2025-12-26 19:01:45.962242+00:00,-63.433045067222224,ERIE BLVD E,Unknown,Priority 1,0.212214561748067
0a4138c6-cc5c-4cba-a7b0-3c06695345ef,SNW-710,2025-12-24 03:35:25+00:00,2025-12-26 19:01:45.962242+00:00,-63.439156178333334,ERIE BLVD E,Unknown,Priority 1,0.138339458916662
0a4138c6-cc5c-4cba-a7b0-3c06695345ef,SNW-1622,2025-12-23 18:53:08+00:00,2025-12-26 19:01:45.962242+00:00,-72.14387840055556,S EDWARDS AV,Route 31,Priority 2,0.172422477283229
0a4138c6-cc5c-4cba-a7b0-3c06695345ef,SNW-1441,2025-12-23 18:39:28+00:00,2025-12-26 19:01:45.962242+00:00,-72.37165617833334,JAMES ST,Route 02,Priority 1,0.0536710464618734
0a4138c6-cc5c-4cba-a7b0-3c06695345ef,SNW-1471,2025-12-23 18:38:05+00:00,2025-12-26 19:01:45.962242+00:00,-72.3947117338889,JAMES ST,Route 02,Priority 1,0.042337267583196
0a4138c6-cc5c-4cba-a7b0-3c06695345ef,SNW-1453,2025-12-23 18:37:44+00:00,2025-12-26 19:01:45.962242+00:00,-72.40054506722223,JAMES - GRANT,Route 2,Priority 2,0.0163539881013288
0a4138c6-cc5c-4cba-a7b0-3c06695345ef,SNW-1274,2025-12-23 18:36:54+00:00,2025-12-26 19:01:45.962242+00:00,-72.41443395611111,GRANT BLVD,Route 02,Priority 1,0.0547969179274701
0a4138c6-cc5c-4cba-a7b0-3c06695345ef,SNW-1253,2025-12-23 18:29:33+00:00,2025-12-26 19:01:45.962242+00:00,-72.53693395611111,TEALL AV,Route 02,Priority 1,0.0562814965532016
0a4138c6-cc5c-4cba-a7b0-3c06695345ef,SNW-1335,2025-12-23 18:29:28+00:00,2025-12-26 19:01:45.962242+00:00,-72.538322845,TEALL AV,Route 02,Priority 1,0.0782575063943059
0a4138c6-cc5c-4cba-a7b0-3c06695345ef,SNW-1390,2025-12-23 18:29:12+00:00,2025-12-26 19:01:45.962242+00:00,-72.54276728944444,TEALL AV,Route 02,Priority 1,0.055748149910967
0a4138c6-cc5c-4cba-a7b0-3c06695345ef,SNW-1505,2025-12-23 18:29:06+00:00,2025-12-26 19:01:45.962242+00:00,-72.5444339561111,TEALL AV,Route 02,Priority 1,0.103248857079482
0a4138c6-cc5c-4cba-a7b0-3c06695345ef,SNW-1699,2025-12-23 18:28:55+00:00,2025-12-26 19:01:45.962242+00:00,-72.54748951166667,TEALL AV,Route 02,Priority 1,0.202429990885998
0a4138c6-cc5c-4cba-a7b0-3c06695345ef,SNW-1756,2025-12-23 18:27:38+00:00,2025-12-26 19:01:45.962242+00:00,-72.56887840055556,JAMES ST,Route 02,Priority 1,0.135511277163189
0a4138c6-cc5c-4cba-a7b0-3c06695345ef,SNW-1786,2025-12-23 18:26:59+00:00,2025-12-26 19:01:45.962242+00:00,-72.57971173388889,JAMES ST,Route 02,Priority 1,0.118653252227434
0a4138c6-cc5c-4cba-a7b0-3c06695345ef,SNW-1847,2025-12-23 18:26:53+00:00,2025-12-26 19:01:45.962242+00:00,-72.58137840055556,JAMES ST,Route 02,Priority 1,0.106513863115317
0a4138c6-cc5c-4cba-a7b0-3c06695345ef,SNW-1944,2025-12-23 18:26:37+00:00,2025-12-26 19:01:45.962242+00:00,-72.585822845,JAMES ST,Route 02,Priority 1,0.167165534506422
0a4138c6-cc5c-4cba-a7b0-3c06695345ef,SNW-2078,2025-12-23 18:26:09+00:00,2025-12-26 19:01:45.962242+00:00,-72.59360062277779,JAMES ST,Route 02,Priority 1,0.193753936180309
0a4138c6-cc5c-4cba-a7b0-3c06695345ef,SNW-131,2025-12-23 18:25:35+00:00,2025-12-26 19:01:45.962242+00:00,-72.60304506722223,JAMES ST,Route 02,Priority 1,0.248805220174939
0a4138c6-cc5c-4cba-a7b0-3c06695345ef,SNW-208,2025-12-23 18:24:47+00:00,2025-12-26 19:01:45.962242+00:00,-72.61637840055556,JAMES ST,Route 02,Priority 1,0.106481063120244
0a4138c6-cc5c-4cba-a7b0-3c06695345ef,SNW-333,2025-12-23 18:24:25+00:00,2025-12-26 19:01:45.962242+00:00,-72.62248951166667,JAMES ST,Route 02,Priority 1,0.167035887267877
0a4138c6-cc5c-4cba-a7b0-3c06695345ef,SNW-401,2025-12-23 18:24:02+00:00,2025-12-26 19:01:45.962242+00:00,-72.62887840055556,CATHERINE ST,Route 02,Priority 1,0.0658065134606965
0a4138c6-cc5c-4cba-a7b0-3c06695345ef,SNW-400,2025-12-23 18:23:17+00:00,2025-12-26 19:01:45.962242+00:00,-72.64137840055555,WAYNE ST,Route 02,Priority 2,0.106667926986063
0a4138c6-cc5c-4cba-a7b0-3c06695345ef,SNW-330,2025-12-23 18:22:48+00:00,2025-12-26 19:01:45.962242+00:00,-72.64943395611111,WAYNE ST,Route 02,Priority 2,0.0861599302614161
0a4138c6-cc5c-4cba-a7b0-3c06695345ef,SNW-305,2025-12-23 18:22:19+00:00,2025-12-26 19:01:45.962242+00:00,-72.65748951166667,LODI ST,Route 10,Priority 1,0.0665255961061627
0a4138c6-cc5c-4cba-a7b0-3c06695345ef,SNW-367,2025-12-23 18:22:07+00:00,2025-12-26 19:01:45.962242+00:00,-72.660822845,LODI ST,Route 10,Priority 1,0.0812920278414707
0a4138c6-cc5c-4cba-a7b0-3c06695345ef,SNW-398,2025-12-23 18:21:43+00:00,2025-12-26 19:01:45.962242+00:00,-72.66748951166667,LODI ST,Route 10,Priority 1,0.132153321631126
0a4138c6-cc5c-4cba-a7b0-3c06695345ef,SNW-569,2025-12-23 18:21:26+00:00,2025-12-26 19:01:45.962242+00:00,-72.67221173388889,LODI ST,Route 10,Priority 1,0.109970707720181
0a4138c6-cc5c-4cba-a7b0-3c06695345ef,SNW-605,2025-12-23 18:21:09+00:00,2025-12-26 19:01:45.962242+00:00,-72.67693395611111,LODI ST,Route 10,Priority 1,0.0977260432493547
0a4138c6-cc5c-4cba-a7b0-3c06695345ef,SNW-547,2025-12-23 18:20:18+00:00,2025-12-26 19:01:45.962242+00:00,-72.69110062277778,BURNET AV,Route 1,Priority 1,0.0411668255503553
0a4138c6-cc5c-4cba-a7b0-3c06695345ef,SNW-254,2025-12-23 18:18:48+00:00,2025-12-26 19:01:45.962242+00:00,-72.71610062277777,BURNET AV,Route 1,Priority 1,0.0614420976272518
0a4138c6-cc5c-4cba-a7b0-3c06695345ef,SNW-224,2025-12-23 18:18:37+00:00,2025-12-26 19:01:45.962242+00:00,-72.71915617833334,BURNET AV,Route 1,Priority 1,0.0416036759110469
0a4138c6-cc5c-4cba-a7b0-3c06695345ef,SNW-211,2025-12-23 18:18:26+00:00,2025-12-26 19:01:45.962242+00:00,-72.7222117338889,BURNET AV,Route 1,Priority 1,0.0656736927313901
0a4138c6-cc5c-4cba-a7b0-3c06695345ef,SNW-187,2025-12-23 18:18:15+00:00,2025-12-26 19:01:45.962242+00:00,-72.72526728944445,BURNET AV,Route 1,Priority 1,0.0356259979220766
0a4138c6-cc5c-4cba-a7b0-3c06695345ef,SNW-167,2025-12-23 18:18:05+00:00,2025-12-26 19:01:45.962242+00:00,-72.72804506722223,BURNET AV,Route 1,Priority 1,0.0708683612573539
0a4138c6-cc5c-4cba-a7b0-3c06695345ef,SNW-142,2025-12-23 18:17:55+00:00,2025-12-26 19:01:45.962242+00:00,-72.730822845,BURNET AV,Route 1,Priority 1,0.138309122644531
0a4138c6-cc5c-4cba-a7b0-3c06695345ef,SNW-95,2025-12-23 18:17:38+00:00,2025-12-26 19:01:45.962242+00:00,-72.73554506722222,BURNET AV,Route 1,Priority 1,0.0644180950762357
0a4138c6-cc5c-4cba-a7b0-3c06695345ef,SNW-47,2025-12-23 18:17:15+00:00,2025-12-26 19:01:45.962242+00:00,-72.74193395611111,BURNET AV,Route 1,Priority 1,0.0640441677592802
0a4138c6-cc5c-4cba-a7b0-3c06695345ef,SNW-687,2025-12-23 16:58:50+00:00,2025-12-26 19:01:45.962242+00:00,-74.04887840055555,ERIE BLVD E,Unknown,Priority 1,0.092340585511069
0a4138c6-cc5c-4cba-a7b0-3c06695345ef,SNW-601,2025-12-23 16:57:48+00:00,2025-12-26 19:01:45.962242+00:00,-74.06610062277777,ERIE BLVD E,Unknown,Priority 1,0.221540168454968
